{
	"credit": "Made with Blockbench",
	"parent": "arcmos",
	"texture_size": [32, 32],
	"textures": {
		"0": "arcmos:Downloads/Arcmos",
		"particle": "arcmos:Downloads/Arcmos"
	},
	"elements": [
		{
			"from": [5.25, 2.25, 7],
			"to": [6.75, 3.75, 9],
			"rotation": {"angle": -45, "axis": "z", "origin": [8, 1, 8]},
			"faces": {
				"north": {"uv": [6.5, 2.5, 7.5, 3.5], "texture": "#0"},
				"east": {"uv": [6.5, 3.5, 7.5, 4.5], "texture": "#0"},
				"south": {"uv": [6.5, 4.5, 7.5, 5.5], "texture": "#0"},
				"west": {"uv": [6.5, 5.5, 7.5, 6.5], "texture": "#0"},
				"up": {"uv": [7.5, 7.5, 6.5, 6.5], "texture": "#0"},
				"down": {"uv": [8, 0, 7, 1], "texture": "#0"}
			}
		},
		{
			"from": [7.5, 3.5, 7.5],
			"to": [8.5, 8, 8.5],
			"faces": {
				"north": {"uv": [5, 6, 5.5, 8.5], "texture": "#0"},
				"east": {"uv": [5.5, 6, 6, 8.5], "texture": "#0"},
				"south": {"uv": [6, 6, 6.5, 8.5], "texture": "#0"},
				"west": {"uv": [6.5, 0, 7, 2.5], "texture": "#0"},
				"up": {"uv": [7.5, 2.5, 7, 2], "texture": "#0"},
				"down": {"uv": [8.5, 1.5, 8, 2], "texture": "#0"}
			}
		},
		{
			"from": [7.65851, 6.23044, 7.25],
			"to": [8.65851, 12.23044, 8.75],
			"rotation": {"angle": 45, "axis": "z", "origin": [8.15851, 9.23044, 8]},
			"faces": {
				"north": {"uv": [6, 0, 6.5, 3], "texture": "#0"},
				"east": {"uv": [4, 0, 5, 3], "texture": "#0"},
				"south": {"uv": [6, 3, 6.5, 6], "texture": "#0"},
				"west": {"uv": [4, 3, 5, 6], "texture": "#0"},
				"up": {"uv": [9, 5.5, 8.5, 4.5], "texture": "#0"},
				"down": {"uv": [5.5, 8.5, 5, 9.5], "texture": "#0"}
			}
		},
		{
			"from": [7.5, 10.5, 7.5],
			"to": [9.5, 11, 8.5],
			"rotation": {"angle": 22.5, "axis": "z", "origin": [8, 7, 8]},
			"faces": {
				"north": {"uv": [8.5, 6.5, 9.5, 7], "texture": "#0"},
				"east": {"uv": [9.5, 7.5, 10, 8], "texture": "#0"},
				"south": {"uv": [8.5, 7, 9.5, 7.5], "texture": "#0"},
				"west": {"uv": [8, 9.5, 8.5, 10], "texture": "#0"},
				"up": {"uv": [8.5, 9, 7.5, 8.5], "texture": "#0"},
				"down": {"uv": [9.5, 7.5, 8.5, 8], "texture": "#0"}
			}
		},
		{
			"from": [6.5, 10.5, 7.5],
			"to": [8.5, 11, 8.5],
			"rotation": {"angle": -22.5, "axis": "z", "origin": [8, 7, 8]},
			"faces": {
				"north": {"uv": [8.5, 8, 9.5, 8.5], "texture": "#0"},
				"east": {"uv": [9.5, 8, 10, 8.5], "texture": "#0"},
				"south": {"uv": [8.5, 8.5, 9.5, 9], "texture": "#0"},
				"west": {"uv": [8.5, 9.5, 9, 10], "texture": "#0"},
				"up": {"uv": [1, 9.5, 0, 9], "texture": "#0"},
				"down": {"uv": [10, 0, 9, 0.5], "texture": "#0"}
			}
		},
		{
			"from": [8.5, 10.75, 7.75],
			"to": [9, 12.25, 8.25],
			"rotation": {"angle": -22.5, "axis": "z", "origin": [8, 7, 8]},
			"faces": {
				"north": {"uv": [6, 8.5, 6.5, 9.5], "texture": "#0"},
				"east": {"uv": [9, 0.5, 9.5, 1.5], "texture": "#0"},
				"south": {"uv": [1, 9, 1.5, 10], "texture": "#0"},
				"west": {"uv": [1.5, 9, 2, 10], "texture": "#0"},
				"up": {"uv": [10, 9.5, 9.5, 9], "texture": "#0"},
				"down": {"uv": [10, 9.5, 9.5, 10], "texture": "#0"}
			}
		},
		{
			"from": [7, 10.75, 7.75],
			"to": [7.5, 12.25, 8.25],
			"rotation": {"angle": 22.5, "axis": "z", "origin": [8, 7, 8]},
			"faces": {
				"north": {"uv": [9, 1.5, 9.5, 2.5], "texture": "#0"},
				"east": {"uv": [2, 9, 2.5, 10], "texture": "#0"},
				"south": {"uv": [2.5, 9, 3, 10], "texture": "#0"},
				"west": {"uv": [9, 2.5, 9.5, 3.5], "texture": "#0"},
				"up": {"uv": [0.5, 10.5, 0, 10], "texture": "#0"},
				"down": {"uv": [10.5, 0, 10, 0.5], "texture": "#0"}
			}
		},
		{
			"from": [4.81965, 12.9682, 7.75],
			"to": [5.31965, 14.4682, 8.25],
			"rotation": {"angle": -22.5, "axis": "z", "origin": [4.81965, 12.7182, 8]},
			"faces": {
				"north": {"uv": [3, 9, 3.5, 10], "texture": "#0"},
				"east": {"uv": [3.5, 9, 4, 10], "texture": "#0"},
				"south": {"uv": [9, 3.5, 9.5, 4.5], "texture": "#0"},
				"west": {"uv": [4, 9, 4.5, 10], "texture": "#0"},
				"up": {"uv": [8, 10.5, 7.5, 10], "texture": "#0"},
				"down": {"uv": [10.5, 7.5, 10, 8], "texture": "#0"}
			}
		},
		{
			"from": [10.68035, 12.9682, 7.75],
			"to": [11.18035, 14.4682, 8.25],
			"rotation": {"angle": 22.5, "axis": "z", "origin": [11.18035, 12.7182, 8]},
			"faces": {
				"north": {"uv": [4.5, 9, 5, 10], "texture": "#0"},
				"east": {"uv": [9, 4.5, 9.5, 5.5], "texture": "#0"},
				"south": {"uv": [9, 5.5, 9.5, 6.5], "texture": "#0"},
				"west": {"uv": [6.5, 9, 7, 10], "texture": "#0"},
				"up": {"uv": [8.5, 10.5, 8, 10], "texture": "#0"},
				"down": {"uv": [10.5, 8, 10, 8.5], "texture": "#0"}
			}
		},
		{
			"from": [7.34149, 6.23044, 7.25],
			"to": [8.34149, 12.23044, 8.75],
			"rotation": {"angle": -45, "axis": "z", "origin": [7.84149, 9.23044, 8]},
			"faces": {
				"north": {"uv": [4, 6, 4.5, 9], "texture": "#0"},
				"east": {"uv": [5, 0, 6, 3], "texture": "#0"},
				"south": {"uv": [4.5, 6, 5, 9], "texture": "#0"},
				"west": {"uv": [5, 3, 6, 6], "texture": "#0"},
				"up": {"uv": [6, 9.5, 5.5, 8.5], "texture": "#0"},
				"down": {"uv": [9, 5.5, 8.5, 6.5], "texture": "#0"}
			}
		},
		{
			"from": [5.2521, 5.49686, 7.5],
			"to": [5.7521, 6.49686, 8.5],
			"rotation": {"angle": -45, "axis": "z", "origin": [6.5021, 5.99686, 8]},
			"faces": {
				"north": {"uv": [7, 9, 7.5, 9.5], "texture": "#0"},
				"east": {"uv": [7.5, 9, 8, 9.5], "texture": "#0"},
				"south": {"uv": [8, 9, 8.5, 9.5], "texture": "#0"},
				"west": {"uv": [8.5, 9, 9, 9.5], "texture": "#0"},
				"up": {"uv": [9.5, 9.5, 9, 9], "texture": "#0"},
				"down": {"uv": [0.5, 9.5, 0, 10], "texture": "#0"}
			}
		},
		{
			"from": [10.2479, 5.49686, 7.5],
			"to": [10.7479, 6.49686, 8.5],
			"rotation": {"angle": 45, "axis": "z", "origin": [9.4979, 5.99686, 8]},
			"faces": {
				"north": {"uv": [5.5, 9.5, 6, 10], "texture": "#0"},
				"east": {"uv": [9.5, 5.5, 10, 6], "texture": "#0"},
				"south": {"uv": [6, 9.5, 6.5, 10], "texture": "#0"},
				"west": {"uv": [9.5, 6, 10, 6.5], "texture": "#0"},
				"up": {"uv": [10, 7, 9.5, 6.5], "texture": "#0"},
				"down": {"uv": [7.5, 9.5, 7, 10], "texture": "#0"}
			}
		},
		{
			"from": [6, 4.5, 7.75],
			"to": [6.25, 5.5, 8.25],
			"rotation": {"angle": -22.5, "axis": "z", "origin": [8, 7, 8]},
			"faces": {
				"north": {"uv": [0.5, 9.5, 1, 10], "texture": "#0"},
				"east": {"uv": [9.5, 0.5, 10, 1], "texture": "#0"},
				"south": {"uv": [9.5, 1, 10, 1.5], "texture": "#0"},
				"west": {"uv": [9.5, 1.5, 10, 2], "texture": "#0"},
				"up": {"uv": [10, 2.5, 9.5, 2], "texture": "#0"},
				"down": {"uv": [10, 2.5, 9.5, 3], "texture": "#0"}
			}
		},
		{
			"from": [9.75, 4.5, 7.75],
			"to": [10, 5.5, 8.25],
			"rotation": {"angle": 22.5, "axis": "z", "origin": [8, 7, 8]},
			"faces": {
				"north": {"uv": [9.5, 3, 10, 3.5], "texture": "#0"},
				"east": {"uv": [9.5, 3.5, 10, 4], "texture": "#0"},
				"south": {"uv": [9.5, 4, 10, 4.5], "texture": "#0"},
				"west": {"uv": [9.5, 4.5, 10, 5], "texture": "#0"},
				"up": {"uv": [5.5, 10, 5, 9.5], "texture": "#0"},
				"down": {"uv": [10, 5, 9.5, 5.5], "texture": "#0"}
			}
		},
		{
			"from": [7.5, 8, 7],
			"to": [9.5, 10, 9],
			"rotation": {"angle": 45, "axis": "z", "origin": [8, 8.5, 8]},
			"faces": {
				"north": {"uv": [7, 1, 8, 2], "texture": "#0"},
				"east": {"uv": [7.5, 2, 8.5, 3], "texture": "#0"},
				"south": {"uv": [7.5, 3, 8.5, 4], "texture": "#0"},
				"west": {"uv": [7.5, 4, 8.5, 5], "texture": "#0"},
				"up": {"uv": [8.5, 6, 7.5, 5], "texture": "#0"},
				"down": {"uv": [8.5, 6, 7.5, 7], "texture": "#0"}
			}
		},
		{
			"from": [6.75, 10.75, 7.75],
			"to": [7.75, 28.75, 8.25],
			"faces": {
				"north": {"uv": [0, 0, 0.5, 9], "texture": "#0"},
				"east": {"uv": [0.5, 0, 1, 9], "texture": "#0"},
				"south": {"uv": [1, 0, 1.5, 9], "texture": "#0"},
				"west": {"uv": [1.5, 0, 2, 9], "texture": "#0"},
				"up": {"uv": [10, 7.5, 9.5, 7], "texture": "#0"},
				"down": {"uv": [8, 9.5, 7.5, 10], "texture": "#0"}
			}
		},
		{
			"from": [8.25, 10.75, 7.75],
			"to": [9.25, 28.75, 8.25],
			"rotation": {"angle": 0, "axis": "y", "origin": [16, 0, 0]},
			"faces": {
				"north": {"uv": [2, 0, 2.5, 9], "texture": "#0"},
				"east": {"uv": [2.5, 0, 3, 9], "texture": "#0"},
				"south": {"uv": [3, 0, 3.5, 9], "texture": "#0"},
				"west": {"uv": [3.5, 0, 4, 9], "texture": "#0"},
				"up": {"uv": [10, 9, 9.5, 8.5], "texture": "#0"},
				"down": {"uv": [9.5, 9.5, 9, 10], "texture": "#0"}
			}
		},
		{
			"from": [7.25, 28.5, 7.75],
			"to": [8.25, 31, 8.25],
			"rotation": {"angle": -22.5, "axis": "z", "origin": [7.25, 30, 8]},
			"faces": {
				"north": {"uv": [8, 7, 8.5, 8.5], "texture": "#0"},
				"east": {"uv": [8.5, 0, 9, 1.5], "texture": "#0"},
				"south": {"uv": [8.5, 1.5, 9, 3], "texture": "#0"},
				"west": {"uv": [8.5, 3, 9, 4.5], "texture": "#0"},
				"up": {"uv": [1.5, 10.5, 1, 10], "texture": "#0"},
				"down": {"uv": [10.5, 1, 10, 1.5], "texture": "#0"}
			}
		},
		{
			"from": [7.25, 31, 7.75],
			"to": [7.75, 31.5, 8.25],
			"rotation": {"angle": -22.5, "axis": "z", "origin": [7.25, 30, 8]},
			"faces": {
				"north": {"uv": [3, 10, 3.5, 10.5], "texture": "#0"},
				"east": {"uv": [10, 3, 10.5, 3.5], "texture": "#0"},
				"south": {"uv": [3.5, 10, 4, 10.5], "texture": "#0"},
				"west": {"uv": [10, 3.5, 10.5, 4], "texture": "#0"},
				"up": {"uv": [4.5, 10.5, 4, 10], "texture": "#0"},
				"down": {"uv": [10.5, 4, 10, 4.5], "texture": "#0"}
			}
		},
		{
			"from": [7.25, 31.5, 7.75],
			"to": [7.5, 31.75, 8.25],
			"rotation": {"angle": -22.5, "axis": "z", "origin": [7.25, 30, 8]},
			"faces": {
				"north": {"uv": [6, 10, 6.5, 10.5], "texture": "#0"},
				"east": {"uv": [10, 6, 10.5, 6.5], "texture": "#0"},
				"south": {"uv": [6.5, 10, 7, 10.5], "texture": "#0"},
				"west": {"uv": [10, 6.5, 10.5, 7], "texture": "#0"},
				"up": {"uv": [7.5, 10.5, 7, 10], "texture": "#0"},
				"down": {"uv": [10.5, 7, 10, 7.5], "texture": "#0"}
			}
		},
		{
			"from": [8.5, 31.5, 7.75],
			"to": [8.75, 31.75, 8.25],
			"rotation": {"angle": 22.5, "axis": "z", "origin": [8.75, 30, 8]},
			"faces": {
				"north": {"uv": [4.5, 10, 5, 10.5], "texture": "#0"},
				"east": {"uv": [10, 4.5, 10.5, 5], "texture": "#0"},
				"south": {"uv": [5, 10, 5.5, 10.5], "texture": "#0"},
				"west": {"uv": [10, 5, 10.5, 5.5], "texture": "#0"},
				"up": {"uv": [6, 10.5, 5.5, 10], "texture": "#0"},
				"down": {"uv": [10.5, 5.5, 10, 6], "texture": "#0"}
			}
		},
		{
			"from": [8.25, 31, 7.75],
			"to": [8.75, 31.5, 8.25],
			"rotation": {"angle": 22.5, "axis": "z", "origin": [8.75, 30, 8]},
			"faces": {
				"north": {"uv": [1.5, 10, 2, 10.5], "texture": "#0"},
				"east": {"uv": [10, 1.5, 10.5, 2], "texture": "#0"},
				"south": {"uv": [2, 10, 2.5, 10.5], "texture": "#0"},
				"west": {"uv": [10, 2, 10.5, 2.5], "texture": "#0"},
				"up": {"uv": [3, 10.5, 2.5, 10], "texture": "#0"},
				"down": {"uv": [10.5, 2.5, 10, 3], "texture": "#0"}
			}
		},
		{
			"from": [7.75, 28.5, 7.75],
			"to": [8.75, 31, 8.25],
			"rotation": {"angle": 22.5, "axis": "z", "origin": [8.75, 30, 8]},
			"faces": {
				"north": {"uv": [6.5, 7.5, 7, 9], "texture": "#0"},
				"east": {"uv": [7, 7.5, 7.5, 9], "texture": "#0"},
				"south": {"uv": [7.5, 7, 8, 8.5], "texture": "#0"},
				"west": {"uv": [8, 0, 8.5, 1.5], "texture": "#0"},
				"up": {"uv": [1, 10.5, 0.5, 10], "texture": "#0"},
				"down": {"uv": [10.5, 0.5, 10, 1], "texture": "#0"}
			}
		}
	],
	"display": {
		"thirdperson_righthand": {
			"rotation": [0, 90, 0],
			"translation": [0, 1.25, 1.25],
			"scale": [1.45, 1.85, 0.98]
		},
		"firstperson_righthand": {
			"rotation": [-26, 86, 0]
		},
		"firstperson_lefthand": {
			"rotation": [-22, -91, 0]
		}
	},
	"groups": [0, 1, 2, 3, 4, 5, 6, 7, 8, 9, 10, 11, 12, 13, 14, 15, 16,
		{
			"name": "tip",
			"origin": [8.75, 24, 8],
			"color": 0,
			"children": [17, 18, 19, 20, 21, 22]
		}
	]
}