{
	"credit": "Made with Blockbench",
	"parent": "potato",
	"texture_size": [32, 32],
	"textures": {
		"0": "Downloads/potato",
		"particle": "Downloads/potato"
	},
	"elements": [
		{
			"from": [7, 0, 5],
			"to": [9, 1, 10],
			"faces": {
				"north": {"uv": [4, 3, 5, 3.5], "texture": "#0"},
				"east": {"uv": [9, 8.5, 11.5, 9], "texture": "#0"},
				"south": {"uv": [4, 3.5, 5, 4], "texture": "#0"},
				"west": {"uv": [9.5, 1.5, 12, 2], "texture": "#0"},
				"up": {"uv": [6, 4.5, 5, 2], "texture": "#0"},
				"down": {"uv": [9.5, 1.5, 8.5, 4], "texture": "#0"}
			}
		},
		{
			"from": [7, 1, 3],
			"to": [9, 2, 11],
			"faces": {
				"north": {"uv": [5, 4.5, 6, 5], "texture": "#0"},
				"east": {"uv": [8.5, 5, 12.5, 5.5], "texture": "#0"},
				"south": {"uv": [9.5, 3, 10.5, 3.5], "texture": "#0"},
				"west": {"uv": [9, 8, 13, 8.5], "texture": "#0"},
				"up": {"uv": [1, 12.5, 0, 8.5], "texture": "#0"},
				"down": {"uv": [2, 8.5, 1, 12.5], "texture": "#0"}
			}
		},
		{
			"from": [7, 2, 1],
			"to": [9, 3, 12],
			"faces": {
				"north": {"uv": [9.5, 3.5, 10.5, 4], "texture": "#0"},
				"east": {"uv": [8, 7.5, 13.5, 8], "texture": "#0"},
				"south": {"uv": [4, 10, 5, 10.5], "texture": "#0"},
				"west": {"uv": [8.5, 0, 14, 0.5], "texture": "#0"},
				"up": {"uv": [7, 11.5, 6, 6], "texture": "#0"},
				"down": {"uv": [7.5, 0, 6.5, 5.5], "texture": "#0"}
			}
		},
		{
			"from": [7, 3, 0],
			"to": [9, 4, 12],
			"faces": {
				"north": {"uv": [10, 10, 11, 10.5], "texture": "#0"},
				"east": {"uv": [6, 5.5, 12, 6], "texture": "#0"},
				"south": {"uv": [10, 9, 11, 9.5], "texture": "#0"},
				"west": {"uv": [7, 6, 13, 6.5], "texture": "#0"},
				"up": {"uv": [3, 8, 2, 2], "texture": "#0"},
				"down": {"uv": [4, 3, 3, 9], "texture": "#0"}
			}
		},
		{
			"from": [7, 4, -1],
			"to": [9, 6, 12],
			"faces": {
				"north": {"uv": [3, 2, 4, 3], "texture": "#0"},
				"east": {"uv": [0, 0, 6.5, 1], "texture": "#0"},
				"south": {"uv": [4, 2, 5, 3], "texture": "#0"},
				"west": {"uv": [0, 1, 6.5, 2], "texture": "#0"},
				"up": {"uv": [1, 8.5, 0, 2], "texture": "#0"},
				"down": {"uv": [2, 2, 1, 8.5], "texture": "#0"}
			}
		},
		{
			"from": [7, 6, -1],
			"to": [9, 7, 11],
			"faces": {
				"north": {"uv": [10, 9.5, 11, 10], "texture": "#0"},
				"east": {"uv": [7, 6.5, 13, 7], "texture": "#0"},
				"south": {"uv": [4, 10.5, 5, 11], "texture": "#0"},
				"west": {"uv": [8, 7, 14, 7.5], "texture": "#0"},
				"up": {"uv": [5, 10, 4, 4], "texture": "#0"},
				"down": {"uv": [6, 5, 5, 11], "texture": "#0"}
			}
		},
		{
			"from": [7, 7, -1],
			"to": [9, 8, 10],
			"faces": {
				"north": {"uv": [10, 10.5, 11, 11], "texture": "#0"},
				"east": {"uv": [8.5, 0.5, 14, 1], "texture": "#0"},
				"south": {"uv": [10.5, 3, 11.5, 3.5], "texture": "#0"},
				"west": {"uv": [8.5, 1, 14, 1.5], "texture": "#0"},
				"up": {"uv": [8, 12.5, 7, 7], "texture": "#0"},
				"down": {"uv": [8.5, 0, 7.5, 5.5], "texture": "#0"}
			}
		},
		{
			"from": [7, 8, 0],
			"to": [9, 9, 9],
			"faces": {
				"north": {"uv": [10.5, 3.5, 11.5, 4], "texture": "#0"},
				"east": {"uv": [8.5, 4, 13, 4.5], "texture": "#0"},
				"south": {"uv": [4, 11, 5, 11.5], "texture": "#0"},
				"west": {"uv": [8.5, 4.5, 13, 5], "texture": "#0"},
				"up": {"uv": [3, 12.5, 2, 8], "texture": "#0"},
				"down": {"uv": [9, 8, 8, 12.5], "texture": "#0"}
			}
		},
		{
			"from": [7, 9, 1],
			"to": [9, 10, 6],
			"faces": {
				"north": {"uv": [5, 11, 6, 11.5], "texture": "#0"},
				"east": {"uv": [9.5, 2, 12, 2.5], "texture": "#0"},
				"south": {"uv": [10, 11, 11, 11.5], "texture": "#0"},
				"west": {"uv": [9.5, 2.5, 12, 3], "texture": "#0"},
				"up": {"uv": [4, 11.5, 3, 9], "texture": "#0"},
				"down": {"uv": [10, 9, 9, 11.5], "texture": "#0"}
			}
		}
	],
	"display": {
		"thirdperson_righthand": {
			"rotation": [97, 0, 0],
			"translation": [0.75, 8.5, 12.75],
			"scale": [1, 4, 4]
		},
		"firstperson_righthand": {
			"rotation": [94, -1, 14],
			"translation": [0, 0, 1.5],
			"scale": [1.71, 4, 4]
		},
		"fixed": {
			"rotation": [0, 91, 0],
			"translation": [7.75, 14.25, 0.25],
			"scale": [0.98, 4, 4]
		}
	},
	"groups": [
		{
			"name": "potato",
			"origin": [8, 8, 8],
			"children": [0, 1, 2, 3, 4, 5, 6, 7, 8]
		}
	]
}