{
	"credit": "Made with Blockbench",
	"parent": "stick",
	"textures": {
		"0": "stick/stick",
		"particle": "stick/stick"
	},
	"elements": [
		{
			"from": [3, 0, 3],
			"to": [5, 1, 5],
			"rotation": {"angle": 0, "axis": "y", "origin": [11, 8, 11]},
			"faces": {
				"north": {"uv": [6, 2, 8, 3], "texture": "#0"},
				"east": {"uv": [6, 3, 8, 4], "texture": "#0"},
				"south": {"uv": [6, 4, 8, 5], "texture": "#0"},
				"west": {"uv": [6, 5, 8, 6], "texture": "#0"},
				"up": {"uv": [2, 2, 0, 0], "texture": "#0"},
				"down": {"uv": [2, 2, 0, 4], "texture": "#0"}
			}
		},
		{
			"from": [5, 0, 5],
			"to": [7, 1, 7],
			"rotation": {"angle": 0, "axis": "y", "origin": [13, 8, 13]},
			"faces": {
				"north": {"uv": [0, 8, 2, 9], "texture": "#0"},
				"east": {"uv": [2, 8, 4, 9], "texture": "#0"},
				"south": {"uv": [4, 8, 6, 9], "texture": "#0"},
				"west": {"uv": [6, 8, 8, 9], "texture": "#0"},
				"up": {"uv": [4, 4, 2, 2], "texture": "#0"},
				"down": {"uv": [4, 0, 2, 2], "texture": "#0"}
			}
		},
		{
			"from": [7, 0, 7],
			"to": [9, 1, 9],
			"rotation": {"angle": 0, "axis": "y", "origin": [15, 8, 15]},
			"faces": {
				"north": {"uv": [8, 8, 10, 9], "texture": "#0"},
				"east": {"uv": [8, 0, 10, 1], "texture": "#0"},
				"south": {"uv": [8, 1, 10, 2], "texture": "#0"},
				"west": {"uv": [8, 2, 10, 3], "texture": "#0"},
				"up": {"uv": [2, 6, 0, 4], "texture": "#0"},
				"down": {"uv": [4, 4, 2, 6], "texture": "#0"}
			}
		},
		{
			"from": [9, 0, 9],
			"to": [11, 1, 11],
			"rotation": {"angle": 0, "axis": "y", "origin": [17, 8, 17]},
			"faces": {
				"north": {"uv": [8, 3, 10, 4], "texture": "#0"},
				"east": {"uv": [8, 4, 10, 5], "texture": "#0"},
				"south": {"uv": [8, 5, 10, 6], "texture": "#0"},
				"west": {"uv": [8, 6, 10, 7], "texture": "#0"},
				"up": {"uv": [6, 6, 4, 4], "texture": "#0"},
				"down": {"uv": [6, 0, 4, 2], "texture": "#0"}
			}
		},
		{
			"from": [11, 0, 11],
			"to": [13, 1, 13],
			"rotation": {"angle": 0, "axis": "y", "origin": [19, 8, 19]},
			"faces": {
				"north": {"uv": [8, 7, 10, 8], "texture": "#0"},
				"east": {"uv": [0, 9, 2, 10], "texture": "#0"},
				"south": {"uv": [2, 9, 4, 10], "texture": "#0"},
				"west": {"uv": [4, 9, 6, 10], "texture": "#0"},
				"up": {"uv": [6, 4, 4, 2], "texture": "#0"},
				"down": {"uv": [2, 6, 0, 8], "texture": "#0"}
			}
		},
		{
			"from": [13, 0, 13],
			"to": [15, 1, 15],
			"rotation": {"angle": 0, "axis": "y", "origin": [21, 8, 21]},
			"faces": {
				"north": {"uv": [6, 9, 8, 10], "texture": "#0"},
				"east": {"uv": [8, 9, 10, 10], "texture": "#0"},
				"south": {"uv": [0, 10, 2, 11], "texture": "#0"},
				"west": {"uv": [2, 10, 4, 11], "texture": "#0"},
				"up": {"uv": [4, 8, 2, 6], "texture": "#0"},
				"down": {"uv": [6, 6, 4, 8], "texture": "#0"}
			}
		},
		{
			"from": [1, 0, 1],
			"to": [3, 1, 3],
			"rotation": {"angle": 0, "axis": "y", "origin": [9, 8, 9]},
			"faces": {
				"north": {"uv": [4, 10, 6, 11], "texture": "#0"},
				"east": {"uv": [6, 10, 8, 11], "texture": "#0"},
				"south": {"uv": [8, 10, 10, 11], "texture": "#0"},
				"west": {"uv": [10, 10, 12, 11], "texture": "#0"},
				"up": {"uv": [8, 8, 6, 6], "texture": "#0"},
				"down": {"uv": [8, 0, 6, 2], "texture": "#0"}
			}
		},
		{
			"from": [8, 0, 9],
			"to": [9, 1, 10],
			"rotation": {"angle": 0, "axis": "y", "origin": [16, 8, 17]},
			"faces": {
				"north": {"uv": [10, 0, 11, 1], "texture": "#0"},
				"east": {"uv": [10, 1, 11, 2], "texture": "#0"},
				"south": {"uv": [10, 2, 11, 3], "texture": "#0"},
				"west": {"uv": [10, 3, 11, 4], "texture": "#0"},
				"up": {"uv": [11, 5, 10, 4], "texture": "#0"},
				"down": {"uv": [11, 5, 10, 6], "texture": "#0"}
			}
		},
		{
			"from": [3, 0, 2],
			"to": [4, 1, 3],
			"rotation": {"angle": 0, "axis": "y", "origin": [11, 8, 10]},
			"faces": {
				"north": {"uv": [10, 6, 11, 7], "texture": "#0"},
				"east": {"uv": [10, 7, 11, 8], "texture": "#0"},
				"south": {"uv": [10, 8, 11, 9], "texture": "#0"},
				"west": {"uv": [10, 9, 11, 10], "texture": "#0"},
				"up": {"uv": [1, 12, 0, 11], "texture": "#0"},
				"down": {"uv": [2, 11, 1, 12], "texture": "#0"}
			}
		},
		{
			"from": [2, 0, 3],
			"to": [3, 1, 4],
			"rotation": {"angle": 0, "axis": "y", "origin": [10, 8, 11]},
			"faces": {
				"north": {"uv": [9, 13, 10, 14], "texture": "#0"},
				"east": {"uv": [10, 13, 11, 14], "texture": "#0"},
				"south": {"uv": [11, 13, 12, 14], "texture": "#0"},
				"west": {"uv": [12, 13, 13, 14], "texture": "#0"},
				"up": {"uv": [14, 14, 13, 13], "texture": "#0"},
				"down": {"uv": [14, 0, 13, 1], "texture": "#0"}
			}
		},
		{
			"from": [6, 0, 7],
			"to": [7, 1, 8],
			"rotation": {"angle": 0, "axis": "y", "origin": [14, 8, 15]},
			"faces": {
				"north": {"uv": [11, 8, 12, 9], "texture": "#0"},
				"east": {"uv": [11, 9, 12, 10], "texture": "#0"},
				"south": {"uv": [0, 12, 1, 13], "texture": "#0"},
				"west": {"uv": [1, 12, 2, 13], "texture": "#0"},
				"up": {"uv": [3, 13, 2, 12], "texture": "#0"},
				"down": {"uv": [4, 12, 3, 13], "texture": "#0"}
			}
		},
		{
			"from": [7, 0, 6],
			"to": [8, 1, 7],
			"rotation": {"angle": 0, "axis": "y", "origin": [15, 8, 14]},
			"faces": {
				"north": {"uv": [11, 2, 12, 3], "texture": "#0"},
				"east": {"uv": [11, 3, 12, 4], "texture": "#0"},
				"south": {"uv": [11, 4, 12, 5], "texture": "#0"},
				"west": {"uv": [11, 5, 12, 6], "texture": "#0"},
				"up": {"uv": [12, 7, 11, 6], "texture": "#0"},
				"down": {"uv": [12, 7, 11, 8], "texture": "#0"}
			}
		},
		{
			"from": [5, 0, 4],
			"to": [6, 1, 5],
			"rotation": {"angle": 0, "axis": "y", "origin": [13, 8, 12]},
			"faces": {
				"north": {"uv": [2, 11, 3, 12], "texture": "#0"},
				"east": {"uv": [3, 11, 4, 12], "texture": "#0"},
				"south": {"uv": [4, 11, 5, 12], "texture": "#0"},
				"west": {"uv": [5, 11, 6, 12], "texture": "#0"},
				"up": {"uv": [7, 12, 6, 11], "texture": "#0"},
				"down": {"uv": [8, 11, 7, 12], "texture": "#0"}
			}
		},
		{
			"from": [4, 0, 5],
			"to": [5, 1, 6],
			"rotation": {"angle": 0, "axis": "y", "origin": [12, 8, 13]},
			"faces": {
				"north": {"uv": [8, 11, 9, 12], "texture": "#0"},
				"east": {"uv": [9, 11, 10, 12], "texture": "#0"},
				"south": {"uv": [10, 11, 11, 12], "texture": "#0"},
				"west": {"uv": [11, 11, 12, 12], "texture": "#0"},
				"up": {"uv": [12, 1, 11, 0], "texture": "#0"},
				"down": {"uv": [12, 1, 11, 2], "texture": "#0"}
			}
		},
		{
			"from": [9, 0, 8],
			"to": [10, 1, 9],
			"rotation": {"angle": 0, "axis": "y", "origin": [17, 8, 16]},
			"faces": {
				"north": {"uv": [4, 12, 5, 13], "texture": "#0"},
				"east": {"uv": [5, 12, 6, 13], "texture": "#0"},
				"south": {"uv": [6, 12, 7, 13], "texture": "#0"},
				"west": {"uv": [7, 12, 8, 13], "texture": "#0"},
				"up": {"uv": [9, 13, 8, 12], "texture": "#0"},
				"down": {"uv": [10, 12, 9, 13], "texture": "#0"}
			}
		},
		{
			"from": [10, 0, 11],
			"to": [11, 1, 12],
			"rotation": {"angle": 0, "axis": "y", "origin": [18, 8, 19]},
			"faces": {
				"north": {"uv": [10, 12, 11, 13], "texture": "#0"},
				"east": {"uv": [11, 12, 12, 13], "texture": "#0"},
				"south": {"uv": [12, 12, 13, 13], "texture": "#0"},
				"west": {"uv": [12, 0, 13, 1], "texture": "#0"},
				"up": {"uv": [13, 2, 12, 1], "texture": "#0"},
				"down": {"uv": [13, 2, 12, 3], "texture": "#0"}
			}
		},
		{
			"from": [11, 0, 10],
			"to": [12, 1, 11],
			"rotation": {"angle": 0, "axis": "y", "origin": [19, 8, 18]},
			"faces": {
				"north": {"uv": [12, 3, 13, 4], "texture": "#0"},
				"east": {"uv": [12, 4, 13, 5], "texture": "#0"},
				"south": {"uv": [12, 5, 13, 6], "texture": "#0"},
				"west": {"uv": [12, 6, 13, 7], "texture": "#0"},
				"up": {"uv": [13, 8, 12, 7], "texture": "#0"},
				"down": {"uv": [13, 8, 12, 9], "texture": "#0"}
			}
		},
		{
			"from": [12, 0, 13],
			"to": [13, 1, 14],
			"rotation": {"angle": 0, "axis": "y", "origin": [20, 8, 21]},
			"faces": {
				"north": {"uv": [12, 9, 13, 10], "texture": "#0"},
				"east": {"uv": [12, 10, 13, 11], "texture": "#0"},
				"south": {"uv": [12, 11, 13, 12], "texture": "#0"},
				"west": {"uv": [0, 13, 1, 14], "texture": "#0"},
				"up": {"uv": [2, 14, 1, 13], "texture": "#0"},
				"down": {"uv": [3, 13, 2, 14], "texture": "#0"}
			}
		},
		{
			"from": [13, 0, 12],
			"to": [14, 1, 13],
			"rotation": {"angle": 0, "axis": "y", "origin": [21, 8, 20]},
			"faces": {
				"north": {"uv": [3, 13, 4, 14], "texture": "#0"},
				"east": {"uv": [4, 13, 5, 14], "texture": "#0"},
				"south": {"uv": [5, 13, 6, 14], "texture": "#0"},
				"west": {"uv": [6, 13, 7, 14], "texture": "#0"},
				"up": {"uv": [8, 14, 7, 13], "texture": "#0"},
				"down": {"uv": [9, 13, 8, 14], "texture": "#0"}
			}
		}
	],
	"display": {
		"thirdperson_righthand": {
			"rotation": [3, 0, 0],
			"translation": [0, 7.5, 0]
		}
	}
}