{
	"credit": "Made with Blockbench",
	"parent": "stone",
	"texture_size": [32, 32],
	"textures": {
		"0": "stone:Downloads/stone",
		"particle": "stone:Downloads/stone"
	},
	"elements": [
		{
			"from": [2, 0, 2],
			"to": [14, 7, 14],
			"faces": {
				"north": {"uv": [8.5, 10, 14.5, 13.5], "texture": "#0"},
				"east": {"uv": [0, 0, 6, 3.5], "texture": "#0"},
				"south": {"uv": [0, 0, 6, 3.5], "texture": "#0"},
				"west": {"uv": [8.5, 10, 14.5, 13.5], "texture": "#0"},
				"up": {"uv": [0, 0, 6, 6], "texture": "#0"},
				"down": {"uv": [0, 0, 6, 6], "texture": "#0"}
			}
		},
		{
			"from": [4, 0, 4],
			"to": [12, 10, 12],
			"faces": {
				"north": {"uv": [11.5, 11.5, 14, 14], "texture": "#0"},
				"east": {"uv": [0, 0, 4, 5], "texture": "#0"},
				"south": {"uv": [0, 0, 4, 5], "texture": "#0"},
				"west": {"uv": [0, 0, 4, 5], "texture": "#0"},
				"up": {"uv": [10, 10, 14, 14], "texture": "#0"},
				"down": {"uv": [0, 0, 4, 4], "texture": "#0"}
			}
		}
	],
	"display": {
		"thirdperson_righthand": {
			"rotation": [0, 90, 0],
			"translation": [0, 1.25, 1.25],
			"scale": [1.45, 1.85, 0.98]
		}
	}
}