{
  "_fv": 24,
  "_type": "recipe",
  "definition": {
    "recipeType": "Crafting",
    "xpReward": 0.0,
    "cookingTime": 200,
    "recipeRetstackSize": 1,
    "group": "blue_ice",
    "recipeShapeless": false,
    "recipeSlots": [
      {
        "value": "CUSTOM:BlueIceShard"
      },
      {
        "value": "CUSTOM:BlueIceShard"
      },
      {
        "value": "CUSTOM:BlueIceShard"
      },
      {
        "value": "CUSTOM:BlueIceShard"
      },
      {
        "value": "CUSTOM:BlueIceShard"
      },
      {
        "value": "CUSTOM:BlueIceShard"
      },
      {
        "value": "CUSTOM:BlueIceShard"
      },
      {
        "value": "CUSTOM:BlueIceShard"
      },
      {
        "value": "CUSTOM:BlueIceShard"
      }
    ],
    "recipeReturnStack": {
      "value": "Blocks.BLUE_ICE"
    },
    "name": "blue_ice_craftable",
    "namespace": "mod"
  }
}