{
  "_fv": 24,
  "_type": "rangeditem",
  "definition": {
    "renderType": 0,
    "texture": "darkshot",
    "customModelName": "Normal",
    "name": "Darkshot",
    "specialInfo": [],
    "creativeTab": {
      "value": "COMBAT"
    },
    "stackSize": 1,
    "ammoItem": {
      "value": ""
    },
    "shootConstantly": false,
    "usageCount": 100,
    "actionSound": {
      "value": "block.slime.step"
    },
    "hasGlow": false,
    "animation": "bow",
    "enableMeleeDamage": false,
    "damageVsEntity": 0.0,
    "bulletPower": 1.5,
    "bulletDamage": 3.0,
    "bulletKnockback": 1,
    "bulletParticles": false,
    "bulletIgnitesFire": false,
    "bulletItemTexture": {
      "value": "CUSTOM:Darkshot"
    },
    "bulletModel": "Default",
    "customBulletModelTexture": "",
    "onBulletHitsPlayer": {
      "name": "DarkshotBulletHitsPlayer"
    },
    "onBulletFlyingTick": {
      "name": "DarkshotWhileBulletFlyingTick"
    }
  }
}