{
  "_fv": 24,
  "_type": "tool",
  "definition": {
    "renderType": 0,
    "texture": "flint_sword",
    "customModelName": "Normal",
    "name": "Flint knife",
    "specialInfo": [],
    "creativeTab": {
      "value": "COMBAT"
    },
    "toolType": "Sword",
    "harvestLevel": 2,
    "efficiency": 6.0,
    "attackSpeed": 1.0,
    "enchantability": 14,
    "damageVsEntity": 2.0,
    "usageCount": 70,
    "blocksAffected": [],
    "hasGlow": false,
    "repairItems": [
      {
        "value": "Items.FLINT"
      }
    ],
    "immuneToFire": false,
    "stayInGridWhenCrafting": false,
    "damageOnCrafting": false,
    "onBlockDestroyedWithTool": {
      "name": "FlintSwordBlockDestroyedWithTool"
    }
  }
}