{
  "_fv": 24,
  "_type": "plant",
  "definition": {
    "renderType": 12,
    "texture": "flower",
    "textureBottom": "flowerstem",
    "customModelName": "Cross model",
    "itemTexture": "",
    "particleTexture": "",
    "tintType": "No tint",
    "isItemTinted": false,
    "plantType": "normal",
    "staticPlantGenerationType": "Flower",
    "suspiciousStewEffect": "SATURATION",
    "suspiciousStewDuration": 0,
    "growapableSpawnType": "Plains",
    "growapableMaxHeight": 3,
    "doublePlantGenerationType": "Flower",
    "customBoundingBox": false,
    "disableOffset": false,
    "boundingBoxes": [
      {
        "mx": 0.0,
        "my": 0.0,
        "mz": 0.0,
        "Mx": 16.0,
        "My": 16.0,
        "Mz": 16.0,
        "subtract": false
      }
    ],
    "name": "Lightbloom",
    "specialInfo": [
      "glows in the moonlight"
    ],
    "creativeTab": {
      "value": "DECORATIONS"
    },
    "hardness": 0.0,
    "resistance": 0.0,
    "luminance": 10,
    "unbreakable": false,
    "isCustomSoundType": false,
    "soundOnStep": {
      "value": "PLANT"
    },
    "breakSound": {
      "value": ""
    },
    "stepSound": {
      "value": ""
    },
    "placeSound": {
      "value": ""
    },
    "hitSound": {
      "value": ""
    },
    "fallSound": {
      "value": ""
    },
    "useLootTableForDrops": false,
    "customDrop": {
      "value": ""
    },
    "dropAmount": 1,
    "forceTicking": true,
    "emissiveRendering": true,
    "hasTileEntity": false,
    "isReplaceable": false,
    "colorOnMap": "DEFAULT",
    "creativePickItem": {
      "value": ""
    },
    "offsetType": "NONE",
    "aiPathNodeType": "DEFAULT",
    "flammability": 100,
    "fireSpreadSpeed": 60,
    "jumpFactor": 1.0,
    "speedFactor": 1.0,
    "canBePlacedOn": [],
    "frequencyOnChunks": 40,
    "spawnWorldTypes": [
      "CUSTOM:Survivorlegacyworld"
    ],
    "restrictionBiomes": [
      {
        "value": "CUSTOM:Bloombiome"
      }
    ],
    "patchSize": 64,
    "onBlockAdded": {
      "name": "LightbloomUpdateTick"
    },
    "onNeighbourBlockChanges": {
      "name": "LightbloomUpdateTick"
    },
    "onTickUpdate": {
      "name": "LightbloomUpdateTick"
    },
    "onRandomUpdateEvent": {
      "name": "LightbloomUpdateTick"
    },
    "onDestroyedByPlayer": {
      "name": "LightbloomUpdateTick"
    },
    "onDestroyedByExplosion": {
      "name": "LightbloomUpdateTick"
    },
    "onStartToDestroy": {
      "name": "LightbloomUpdateTick"
    },
    "onEntityCollides": {
      "name": "LightbloomMobplayerCollidesWithPlant"
    },
    "onBlockPlacedBy": {
      "name": "LightbloomUpdateTick"
    },
    "onRightClicked": {
      "name": "LightbloomUpdateTick"
    }
  }
}