{
  "_fv": 24,
  "_type": "gui",
  "definition": {
    "type": 0,
    "width": 176,
    "height": 166,
    "inventoryOffsetX": 0,
    "inventoryOffsetY": 0,
    "renderBgLayer": true,
    "doesPauseGame": false,
    "components": [
      {
        "type": "label",
        "data": {
          "text": "Magic Attack 3 Editor",
          "color": {
            "value": -3342592,
            "falpha": 0.0
          },
          "name": "Magic Attack 3 Editor",
          "x": 159,
          "y": 8
        }
      },
      {
        "type": "label",
        "data": {
          "text": "Damage",
          "color": {
            "value": -256,
            "falpha": 0.0
          },
          "name": "Damage",
          "x": 75,
          "y": 67
        }
      },
      {
        "type": "button",
        "data": {
          "text": ">",
          "onClick": {
            "name": "Magicdamageup3"
          },
          "width": 30,
          "height": 20,
          "name": ">",
          "x": 114,
          "y": 62
        }
      },
      {
        "type": "button",
        "data": {
          "text": "<",
          "onClick": {
            "name": "Magicdamagedown3"
          },
          "displayCondition": {
            "name": "Lowcap31"
          },
          "width": 30,
          "height": 20,
          "name": "<",
          "x": 33,
          "y": 62
        }
      },
      {
        "type": "label",
        "data": {
          "text": "amount of magic fired",
          "color": {
            "value": -256,
            "falpha": 0.0
          },
          "name": "amount of magic fired",
          "x": 162,
          "y": 103
        }
      },
      {
        "type": "button",
        "data": {
          "text": "<",
          "onClick": {
            "name": "Magicfireamountdown3"
          },
          "displayCondition": {
            "name": "Lowcap33"
          },
          "width": 30,
          "height": 20,
          "name": "<",
          "x": 123,
          "y": 98
        }
      },
      {
        "type": "button",
        "data": {
          "text": ">",
          "onClick": {
            "name": "Magicfireamount3"
          },
          "displayCondition": {
            "name": "Highcap3"
          },
          "width": 30,
          "height": 20,
          "name": ">",
          "x": 276,
          "y": 98
        }
      },
      {
        "type": "label",
        "data": {
          "text": "Magic power",
          "color": {
            "value": -256,
            "falpha": 0.0
          },
          "name": "Magic power",
          "x": 323,
          "y": 67
        }
      },
      {
        "type": "button",
        "data": {
          "text": "<",
          "onClick": {
            "name": "Magicdamagedown3"
          },
          "displayCondition": {
            "name": "Lowcap22"
          },
          "width": 30,
          "height": 20,
          "name": "<",
          "x": 285,
          "y": 62
        }
      },
      {
        "type": "button",
        "data": {
          "text": ">",
          "onClick": {
            "name": "Magicpowerup3"
          },
          "width": 30,
          "height": 20,
          "name": ">",
          "x": 384,
          "y": 62
        }
      },
      {
        "type": "label",
        "data": {
          "text": "Edits all of the magics in the water tree",
          "color": {
            "value": -6711040,
            "falpha": 0.0
          },
          "name": "Edits all of the magics in the water tree",
          "x": 114,
          "y": 26
        }
      },
      {
        "type": "image",
        "data": {
          "image": "backk.png",
          "use1Xscale": true,
          "name": "backk.png",
          "x": -44,
          "y": -41
        }
      },
      {
        "type": "label",
        "data": {
          "text": "changes the mana cost based on what you edit",
          "color": {
            "value": -256,
            "falpha": 0.0
          },
          "name": "changes the mana cost based on what you edit",
          "x": 103,
          "y": 219
        }
      }
    ],
    "gridSettings": {
      "sx": 18,
      "sy": 18,
      "ox": 11,
      "oy": 15,
      "snapOnGrid": false
    }
  }
}