{
  "_fv": 24,
  "_type": "overlay",
  "definition": {
    "priority": "HIGHEST",
    "components": [
      {
        "type": "label",
        "data": {
          "text": "<VAR:integer:Mana>",
          "color": {
            "value": -16711681,
            "falpha": 0.0
          },
          "name": "<VAR:integer:Mana>",
          "x": 6,
          "y": 224
        }
      }
    ],
    "baseTexture": "",
    "overlayTarget": "Ingame",
    "gridSettings": {
      "sx": 18,
      "sy": 18,
      "ox": 11,
      "oy": 15,
      "snapOnGrid": true
    }
  }
}