{
  "_fv": 24,
  "_type": "food",
  "definition": {
    "renderType": 0,
    "texture": "rotten_flesh",
    "customModelName": "Normal",
    "name": "Rotten Flesh",
    "rarity": "COMMON",
    "specialInfo": [
      "You can eat this because you developed a rotten flesh tolerance"
    ],
    "creativeTab": {
      "value": "FOOD"
    },
    "stackSize": 64,
    "nutritionalValue": 2,
    "saturation": 0.4,
    "eatingSpeed": 32,
    "resultItem": {
      "value": ""
    },
    "forDogs": true,
    "isAlwaysEdible": false,
    "animation": "eat",
    "hasGlow": false,
    "onItemInInventoryTick": {
      "name": "Rotten"
    }
  }
}