{
  "_fv": 24,
  "_type": "gui",
  "definition": {
    "type": 0,
    "width": 434,
    "height": 241,
    "inventoryOffsetX": 0,
    "inventoryOffsetY": 0,
    "renderBgLayer": true,
    "doesPauseGame": true,
    "components": [
      {
        "type": "button",
        "data": {
          "text": "Begin",
          "onClick": {
            "name": "Swordstory"
          },
          "width": 50,
          "height": 20,
          "name": "Begin",
          "x": 183,
          "y": 165
        }
      },
      {
        "type": "image",
        "data": {
          "image": "backk.png",
          "use1Xscale": true,
          "name": "backk.png",
          "x": -39,
          "y": -51
        }
      },
      {
        "type": "label",
        "data": {
          "text": "Hello mortal friend... your world has just been hit by something known as magic",
          "color": {
            "value": -6710887,
            "falpha": 0.0
          },
          "name": "Hello mortal friend... your world has just been hit by something known as magic",
          "x": 26,
          "y": 9
        }
      },
      {
        "type": "label",
        "data": {
          "text": "concentrate... It is extremely deadly and you were killed instantly",
          "color": {
            "value": -6710887,
            "falpha": 0.0
          },
          "name": "concentrate... It is extremely deadly and you were killed instantly",
          "x": 12,
          "y": 27
        }
      },
      {
        "type": "label",
        "data": {
          "text": "but don't worry we have given you a second chance in our world, which is",
          "color": {
            "value": -6710887,
            "falpha": 0.0
          },
          "name": "but don't worry we have given you a second chance in our world, which is",
          "x": 12,
          "y": 42
        }
      },
      {
        "type": "label",
        "data": {
          "text": "on the brink of war with demons and monsters... if you can save this world",
          "color": {
            "value": -6710887,
            "falpha": 0.0
          },
          "name": "on the brink of war with demons and monsters... if you can save this world",
          "x": 13,
          "y": 57
        }
      },
      {
        "type": "label",
        "data": {
          "text": "we will rewind time for you and save yours!",
          "color": {
            "value": -6710887,
            "falpha": 0.0
          },
          "name": "we will rewind time for you and save yours!",
          "x": 15,
          "y": 72
        }
      },
      {
        "type": "label",
        "data": {
          "text": "Don't worry we will transport you to a town with a legendary sword, you are to",
          "color": {
            "value": -6710887,
            "falpha": 0.0
          },
          "name": "Don't worry we will transport you to a town with a legendary sword, you are to",
          "x": 34,
          "y": 90
        }
      },
      {
        "type": "label",
        "data": {
          "text": "pull it out of the stone and you will be granted the power to wield it...",
          "color": {
            "value": -6710887,
            "falpha": 0.0
          },
          "name": "pull it out of the stone and you will be granted the power to wield it...",
          "x": 17,
          "y": 106
        }
      },
      {
        "type": "label",
        "data": {
          "text": "it comes with the special porperties to unlock your mana within and you can grow ",
          "color": {
            "value": -6710887,
            "falpha": 0.0
          },
          "name": "it comes with the special porperties to unlock your mana within and you can grow ",
          "x": 17,
          "y": 121
        }
      },
      {
        "type": "label",
        "data": {
          "text": "stronger with the sword... we wish you the best of luck.",
          "color": {
            "value": -6710887,
            "falpha": 0.0
          },
          "name": "stronger with the sword... we wish you the best of luck.",
          "x": 18,
          "y": 133
        }
      },
      {
        "type": "label",
        "data": {
          "text": "if you choose to go it will take us a few moments to transport you",
          "color": {
            "value": -6710887,
            "falpha": 0.0
          },
          "name": "if you choose to go it will take us a few moments to transport you",
          "x": 40,
          "y": 192
        }
      }
    ],
    "gridSettings": {
      "sx": 18,
      "sy": 18,
      "ox": 11,
      "oy": 15,
      "snapOnGrid": false
    }
  }
}