{
  "_fv": 24,
  "_type": "dimension",
  "definition": {
    "biomesInDimension": [
      {
        "value": "CUSTOM:Forest"
      },
      {
        "value": "CUSTOM:Demonic"
      },
      {
        "value": "CUSTOM:Bloombiome"
      },
      {
        "value": "CUSTOM:Skylands"
      },
      {
        "value": "CUSTOM:Corruption"
      },
      {
        "value": "CUSTOM:Glarwoom"
      },
      {
        "value": "ocean"
      }
    ],
    "worldGenType": "Normal world gen",
    "mainFillerBlock": {
      "value": "Blocks.STONE#0"
    },
    "fluidBlock": {
      "value": "Blocks.GRASS"
    },
    "canRespawnHere": true,
    "hasFog": false,
    "isDark": true,
    "doesWaterVaporize": false,
    "sleepResult": "ALLOW",
    "hasSkyLight": false,
    "imitateOverworldBehaviour": true,
    "onPlayerEntersDimension": {
      "name": "SurvivorlegacyworldPlayerEntersDimension"
    },
    "portalFrame": {
      "value": "Blocks.BEDROCK"
    },
    "portalParticles": {
      "value": "VILLAGER_HAPPY"
    },
    "portalLuminance": 5,
    "portalSound": {
      "value": "ambient.cave"
    },
    "igniterName": "Admin Portal Key",
    "igniterTab": {
      "value": "TOOLS"
    },
    "texture": "admin_portal_key",
    "portalTexture": "admin_portal",
    "enablePortal": true
  }
}